ts_utc,total_eur,viewers
2026-09-05T23:46:09Z,12787379.1,386216
2026-09-05T23:47:09Z,12789055.29,400108
2026-09-05T23:48:10Z,12790680.29,400986
2026-09-05T23:49:10Z,12792000.29,401744
2026-09-05T23:50:10Z,12803722.48,400812
2026-09-05T23:51:11Z,12815737.48,390324
2026-09-05T23:52:11Z,12818337.49,389246
2026-09-05T23:53:12Z,12821310.49,387689
2026-09-05T23:54:12Z,12827842.1,387045
2026-09-05T23:55:13Z,12852939.2,385385
2026-09-05T23:56:13Z,12872116.33,386821
2026-09-05T23:57:14Z,12882379.11,389035
